{"animations":[{"name":"Fall","property":"position","framePerSecond":30,"dataType":1,"loopBehavior":2,"blendingSpeed":0.01,"keys":[{"frame":0,"values":[0,100,-4000,[0,0,0],[0,0,0]]},{"frame":2003.5207311350941,"values":[0,-100,-500,[0,-0.04028808491108117,1.2583505625187241],[0,-0.07449696120659798,1.0419743687220557],0]},{"frame":3045.3401489722814,"values":[4.547473508864641e-13,-3499.9999999999995,4.547473508864641e-13,[0,0,0.11204666811211826],[0,0,0]]}],"ranges":[]}]}